term,chi2,P>chi2,df constraint
Intercept,[[45.26604499]],1.7200556522731347e-11,1
C(treatment),[[6.83189088]],0.23344602503411135,5
temp,[[1.66144904]],0.19740779076959158,1
