term,chi2,P>chi2,df constraint
Intercept,[[31.78381395]],1.7232285222277152e-08,1
C(treatment),[[5.10080996]],0.40370160272315714,5
temp,[[0.36001548]],0.5484976357696734,1
C(treatment):temp,[[4.51412277]],0.4779960868607177,5
