term,chi2,P>chi2,df constraint
Intercept,[[180.46896692]],3.828481321483638e-41,1
C(treatment),[[8.96082242]],0.11063706050127091,5
temp,[[1.47826285]],0.22404651326809064,1
C(treatment):temp,[[6.93680786]],0.2253825729368334,5
