term,chi2,P>chi2,df constraint
Intercept,[[223.85272522]],1.3062861495963193e-50,1
C(treatment),[[33.27580123]],3.3174153876944694e-06,5
temp,[[2.0519417]],0.15201221332734793,1
