term,chi2,P>chi2,df constraint
Intercept,[[46.53487821]],9.000212777613663e-12,1
C(treatment),[[4.78268815]],0.44297280817866513,5
temp,[[0.0288886]],0.8650365084071673,1
C(treatment):temp,[[2.5138281]],0.774411107193668,5
