term,chi2,P>chi2,df constraint
Intercept,[[55.30145325]],1.0339212215496909e-13,1
C(treatment),[[19.62261647]],0.001470746978974289,5
temp,[[1.70359565]],0.1918184156920294,1
C(treatment):temp,[[5.20597389]],0.39126367580799687,5
