term,chi2,P>chi2,df constraint
Intercept,[[58.67426353]],1.8605942468871644e-14,1
C(treatment),[[40.34513191]],1.2721777829879035e-07,5
temp,[[6.34016237]],0.011803407605294943,1
