term,chi2,P>chi2,df constraint
Intercept,[[58.67426353]],1.8605942470601846e-14,1
C(treatment),[[40.34513191]],1.2721777829973037e-07,5
temp,[[6.34016237]],0.01180340760575067,1
