term,chi2,P>chi2,df constraint
Intercept,[[55.30145325]],1.0339212214322946e-13,1
C(treatment),[[19.62261647]],0.0014707469789520847,5
temp,[[1.70359565]],0.19181841569024496,1
C(treatment):temp,[[5.20597389]],0.3912636758073815,5
