term,chi2,P>chi2,df constraint
Intercept,[[42.90843981]],5.73626530370999e-11,1
C(treatment),[[3.62302268]],0.6048598880976412,5
temp,[[1.13672572]],0.2863452641907521,1
