term,chi2,P>chi2,df constraint
Intercept,[[36.07407404]],1.8995741349548572e-09,1
C(treatment),[[4.12218808]],0.5319614725425199,5
temp,[[1.39212224]],0.23804703145332382,1
C(treatment):temp,[[2.50362492]],0.7759490523670365,5
