term,coef_logit,std_err,p_value,odds_ratio,or_ci_low,or_ci_high
Intercept,2.3327939592675744,0.3266912690734162,9.28782954000099e-13,10.306697836304808,5.432932654656948,19.552611276680327
C(treatment)[T.T1],-0.11303760648363248,0.1847894081464705,0.540729366511125,0.8931170724918948,0.6217452435361309,1.2829339885897153
C(treatment)[T.T2],-0.16602348173137427,0.1038716149567789,0.10996449322713193,0.8470263443107922,0.6910024932484522,1.0382793621824775
C(treatment)[T.T3],-0.06481635921497518,0.07528315257469752,0.3892558585867184,0.937239562983769,0.808664353790205,1.0862578451799767
C(treatment)[T.T4],-0.2262738543740725,0.1089711268913605,0.037851708267595444,0.7974996729844464,0.6441283554185768,0.9873897384893114
C(treatment)[T.T5],-0.5725138812252726,0.1768118499857264,0.0012037770367144367,0.5641055603672721,0.3988917878797633,0.7977478928024275
temp,-0.13870590292276316,0.04073411401756825,0.000661269200332878,0.8704839976159964,0.8036875004454699,0.9428321203023845
