term,chi2,P>chi2,df constraint
Intercept,[[50.98914247]],9.287829540001058e-13,1
C(treatment),[[14.64123825]],0.012010471178209489,5
temp,[[11.59506902]],0.0006612692003328777,1
