term,chi2,P>chi2,df constraint
Intercept,[[52.86569558]],3.571531850371757e-13,1
C(treatment),[[9.40705479]],0.09388876651560885,5
temp,[[0.00307384]],0.9557861540897712,1
C(treatment):temp,[[4.99948063]],0.4159435752629067,5
