term,chi2,P>chi2,df constraint
Intercept,[[50.17634984]],1.4053134909887471e-12,1
C(treatment),[[10.93718305]],0.05263978206628961,5
temp,[[2.83710663]],0.09210993653848018,1
