term,chi2,P>chi2,df constraint
Intercept,[[52.3813711]],4.570389281093612e-13,1
C(treatment),[[5.60742726]],0.34630982463929816,5
temp,[[0.04108084]],0.8393819627536517,1
C(treatment):temp,[[6.72822794]],0.2416495434977721,5
