treatment,n_configs,accuracy_mean_over_temps,accuracy_sd_over_temps,stability_mean_over_temps,stability_sd_over_temps,entropy_mean_over_temps,entropy_sd_over_temps
T0,6,0.8996666666666666,0.002338090388900038,0.9016666666666667,0.01169045194450014,0.084372,0.01032236552346408
T1,6,0.8889999999999999,0.011081516141756067,0.9033333333333333,0.04760952285695238,0.08548416666666665,0.04183588634374401
T2,6,0.8836666666666666,0.01273839340995034,0.805,0.06123724356957948,0.18262266666666668,0.05133945352520482
T3,6,0.8936666666666667,0.012094075684675803,0.8966666666666666,0.03444802848737018,0.09505133333333333,0.0295912019199401
T4,6,0.8773333333333334,0.008453795991545275,0.82,0.04289522117905444,0.176876,0.04684421782034576
T5,6,0.835,0.03226763083958907,0.6766666666666667,0.07420691791650338,0.30886716666666664,0.06121442549078337
