term,chi2,P>chi2,df constraint
Intercept,[[42.31060709]],7.786908338619266e-11,1
C(treatment),[[11.04933425]],0.050410557096501565,5
temp,[[0.60838453]],0.4353967114110092,1
C(treatment):temp,[[12.07237679]],0.0338093975226498,5
