term,chi2,P>chi2,df constraint
Intercept,[[47.75306143]],4.834287463120766e-12,1
C(treatment),[[15.78213288]],0.007494420762043369,5
temp,[[9.40053248]],0.00216922434178644,1
