term,chi2,P>chi2,df constraint
Intercept,[[49.07301242]],2.4660995681568773e-12,1
C(treatment),[[10.61074036]],0.05966805905346999,5
temp,[[3.26641929]],0.07071180829950574,1
